X,Y
2121.4,-7514.23125
2042.4,-7300.23125
1957.4,-7068.23125
1872.4,-6835.23125
1755.4,-6517.23125
1681.4,-6315.23125
1613.4,-6128.23125
1526.4,-5891.23125
1444.4,-5669.23125
1388.4,-5516.23125
1282.4,-5225.23125
1214.4,-4998.23125
1091.4,-4538.23125
1015.4000000000001,-4257.23125
976.4000000000001,-4116.23125
900.4000000000001,-3838.23125
856.4000000000001,-3681.23125
789.4000000000001,-3456.23125
774.4000000000001,-3414.23125
734.4000000000001,-3314.23125
681.4000000000001,-3210.23125
640.4000000000001,-3152.23125
587.4000000000001,-3099.23125
556.4000000000001,-3078.23125
321.4000000000001,-3057.23125
251.4000000000001,-3072.23125
171.4000000000001,-3080.23125
72.40000000000009,-3066.23125
32.40000000000009,-3044.23125
-21.59999999999991,-2989.23125
-36.59999999999991,-2962.23125
-59.59999999999991,-2895.23125
-66.59999999999991,-2842.23125
-66.59999999999991,-2790.23125
-64.59999999999991,-2741.23125
-63.59999999999991,-2719.23125
-30.59999999999991,-2450.23125
4.400000000000091,-2276.23125
49.40000000000009,-2073.23125
68.40000000000009,-1983.2312499999998
95.40000000000009,-1814.2312499999998
113.40000000000009,-1623.2312499999998
115.40000000000009,-1457.2312499999998
104.40000000000009,-1307.2312499999998
99.40000000000009,-1253.2312499999998
84.40000000000009,-1113.2312499999998
47.40000000000009,-825.2312499999998
28.40000000000009,-678.2312499999998
-10.599999999999909,-381.2312499999998
-24.59999999999991,-276.2312499999998
-53.59999999999991,-47.23124999999982
-74.59999999999991,111.76875000000018
-83.59999999999991,184.76875000000018
-120.59999999999991,463.7687500000002
-140.5999999999999,626.7687500000002
-165.5999999999999,847.7687500000002
-177.5999999999999,1006.7687500000002
-187.5999999999999,1133.7687500000002
-198.5999999999999,1205.7687500000002
-209.5999999999999,1247.7687500000002
-332.5999999999999,1407.7687500000002
-401.5999999999999,1443.7687500000002
-496.5999999999999,1482.7687500000002
-612.5999999999999,1532.7687500000002
-644.5999999999999,1548.7687500000002
-758.5999999999999,1621.7687500000002
-876.5999999999999,1735.7687500000002
-958.5999999999999,1847.7687500000002
-1027.6,1971.7687500000002
-1079.6,2094.76875
-1111.6,2199.76875
-1150.6,2440.76875
-1152.6,2628.76875
-1143.6,2745.76875
-1126.6,2849.76875
-1058.6,3059.76875
-967.5999999999999,3233.76875
-863.5999999999999,3420.76875
-796.5999999999999,3645.76875
-782.5999999999999,3832.76875
-812.5999999999999,4122.76875
-888.5999999999999,4421.76875
-984.5999999999999,4692.76875
-1199.6,4901.76875
-1371.6,4996.76875
-1467.6,5098.76875
-1528.6,5217.76875
-1570.6,5380.76875
-1593.6,5614.76875
-1594.6,5883.76875
-1584.6,6061.76875
-1553.6,6278.76875
-1494.6,6466.76875
-1364.6,6676.76875
-1144.6,6862.76875
-707.5999999999999,7125.76875
-625.5999999999999,7215.76875
-554.5999999999999,7335.76875
-501.5999999999999,7482.76875
-481.5999999999999,7567.76875
-443.5999999999999,7786.76875
-414.5999999999999,7939.76875
-361.5999999999999,8163.76875
-311.5999999999999,8346.76875
-235.5999999999999,8601.76875
-201.5999999999999,8717.76875
-144.5999999999999,8967.76875
-100.59999999999991,9289.76875
-71.59999999999991,9537.76875
-53.59999999999991,9726.76875
-42.59999999999991,9852.76875
-32.59999999999991,9980.76875
-16.59999999999991,10253.76875
-11.599999999999909,10445.76875
-17.59999999999991,10801.76875
-22.59999999999991,10965.76875
-28.59999999999991,11130.76875
-40.59999999999991,11395.76875
-49.59999999999991,11578.76875
-66.59999999999991,11928.76875
-78.59999999999991,12163.76875
-88.59999999999991,12364.76875
-106.59999999999991,12631.76875
-157.5999999999999,13029.76875
-211.5999999999999,13318.76875
-285.5999999999999,13568.76875
-363.5999999999999,13712.76875
-434.5999999999999,13799.76875
-491.5999999999999,13851.76875
-555.5999999999999,13895.76875
-840.5999999999999,13968.76875
-943.5999999999999,13944.76875
-1017.5999999999999,13909.76875
-1134.6,13819.76875
-1207.6,13731.76875
-1266.6,13629.76875
-1324.6,13462.76875
-1352.6,13288.76875
-1358.6,13187.76875
-1356.6,13012.76875
-1346.6,12880.76875
-1322.6,12722.76875
-1235.6,12438.76875
-1164.6,12298.76875
-1082.6,12169.76875
-993.5999999999999,12029.76875
-895.5999999999999,11859.76875
-838.5999999999999,11744.76875
-775.5999999999999,11583.76875
-721.5999999999999,11386.76875
-696.5999999999999,11254.76875
-672.5999999999999,11059.76875
-651.5999999999999,10723.76875
-658.5999999999999,10476.76875
-705.5999999999999,10136.76875
-769.5999999999999,9892.76875
-832.5999999999999,9713.76875
-917.5999999999999,9515.76875
-1035.6,9262.76875
-1111.6,9086.76875
-1187.6,8876.76875
-1261.6,8574.76875
-1282.6,8447.76875
-1332.6,8171.76875
-1365.6,8079.76875
-1448.6,7947.76875
-1627.6,7823.76875
-1790.6,7793.76875
-1912.6,7770.76875
-2015.6,7721.76875
-2024.6,7714.76875
-2158.6,7565.76875
-2237.6,7417.76875
-2271.6,7319.76875
-2303.6,7185.76875
-2332.6,6966.76875
-2342.6,6823.76875
-2347.6,6623.76875
-2339.6,6210.76875
-2320.6,5992.76875
-2296.6,5832.76875
-2271.6,5699.76875
-2225.6,5509.76875
-2144.6,5253.76875
-2074.6,5071.76875
-2007.6,4912.76875
-1944.6,4767.76875
-1894.6,4650.76875
-1787.6,4382.76875
-1741.6,4253.76875
-1624.6,3829.76875
-1598.6,3704.76875
-1579.6,3590.76875
-1551.6,3378.76875
-1543.6,3295.76875
-1534.6,3161.76875
-1526.6,2943.76875
-1520.6,2774.76875
-1511.6,2588.76875
-1482.6,2298.76875
-1449.6,2075.76875
-1371.6,1719.7687500000002
-1325.6,1568.7687500000002
-1247.6,1363.7687500000002
-1060.6,990.7687500000002
-940.5999999999999,791.7687500000002
-893.5999999999999,714.7687500000002
-779.5999999999999,511.7687500000002
-657.5999999999999,250.76875000000018
-575.5999999999999,29.768750000000182
-537.5999999999999,-91.23124999999982
-487.5999999999999,-285.2312499999998
-439.5999999999999,-517.2312499999998
-377.5999999999999,-968.2312499999998
-359.5999999999999,-1207.2312499999998
-352.5999999999999,-1351.2312499999998
-352.5999999999999,-1529.2312499999998
-358.5999999999999,-1728.2312499999998
-368.5999999999999,-1891.2312499999998
-399.5999999999999,-2197.23125
-448.5999999999999,-2527.23125
-483.5999999999999,-2774.23125
-489.5999999999999,-2849.23125
-490.5999999999999,-2929.23125
-476.5999999999999,-3048.23125
-419.5999999999999,-3183.23125
-367.5999999999999,-3253.23125
-196.5999999999999,-3401.23125
-105.59999999999991,-3476.23125
-20.59999999999991,-3542.23125
17.40000000000009,-3573.23125
99.40000000000009,-3647.23125
213.4000000000001,-3791.23125
270.4000000000001,-3907.23125
312.4000000000001,-4041.23125
336.4000000000001,-4168.23125
351.4000000000001,-4294.23125
366.4000000000001,-4786.23125
339.4000000000001,-5016.23125
296.4000000000001,-5208.23125
258.4000000000001,-5320.23125
154.4000000000001,-5556.23125
114.40000000000009,-5638.23125
4.400000000000091,-5858.23125
-80.59999999999991,-6023.23125
-164.5999999999999,-6191.23125
-289.5999999999999,-6448.23125
-368.5999999999999,-6623.23125
-476.5999999999999,-6911.23125
-590.5999999999999,-7375.23125
-628.5999999999999,-7777.23125
-623.5999999999999,-8117.23125
-586.5999999999999,-8460.23125
-554.5999999999999,-8648.23125
-523.5999999999999,-8802.23125
-483.5999999999999,-8974.23125
-437.5999999999999,-9162.23125
-390.5999999999999,-9351.23125
-333.5999999999999,-9576.23125
-297.5999999999999,-9714.23125
-193.5999999999999,-10077.23125
-94.59999999999991,-10368.23125
6.400000000000091,-10600.23125
98.40000000000009,-10779.23125
250.4000000000001,-11029.23125
456.4000000000001,-11311.23125
479.4000000000001,-11340.23125
658.4000000000001,-11549.23125
811.4000000000001,-11709.23125
971.4000000000001,-11862.23125
1114.4,-11994.23125
1147.4,-12026.23125
1501.4,-12354.23125
1626.4,-12461.23125
1768.4,-12577.23125
1928.4,-12699.23125
2059.4,-12798.23125
2176.4,-12886.23125
2457.4,-13095.23125
2589.4,-13194.23125
2690.4,-13269.23125
2769.4,-13328.23125
2858.4,-13394.23125
2943.4,-13442.23125
3079.4,-13469.23125
3208.4,-13446.23125
3267.4,-13419.23125
3324.4,-13379.23125
3390.4,-13309.23125
3428.4,-13248.23125
3461.4,-13149.23125
3466.4,-13124.23125
3472.4,-13066.23125
3468.4,-12965.23125
3437.4,-12794.23125
3399.4,-12626.23125
3346.4,-12385.23125
3301.4,-12175.23125
3271.4,-12019.23125
3254.4,-11928.23125
3224.4,-11785.23125
3188.4,-11613.23125
3169.4,-11525.23125
3111.4,-11268.23125
3057.4,-11029.23125
3051.4,-11002.23125
2990.4,-10727.23125
2967.4,-10629.23125
2879.4,-10242.23125
2812.4,-9931.23125
2752.4,-9656.23125
2702.4,-9424.23125
2631.4,-9126.23125
2603.4,-9016.23125
2560.4,-8857.23125
2509.4,-8683.23125
2399.4,-8333.23125
2337.4,-8140.23125
2278.4,-7963.23125
2155.4,-7608.23125
