race,driver,pit_lap,tire_age_at_pit,compound_num,race_progress,position_before,laps_remaining,position_delta,optimal_pit
Bahrain2022,VER,15.0,17.0,0,0.263,2,42.0,0,1
Bahrain2022,VER,31.0,16.0,0,0.544,2,26.0,0,1
Bahrain2022,VER,44.0,13.0,1,0.772,2,13.0,0,1
Bahrain2022,GAS,15.0,17.0,0,0.263,7,42.0,-1,0
Bahrain2022,GAS,33.0,18.0,1,0.579,8,24.0,0,1
Bahrain2022,PER,16.0,18.0,0,0.281,2,41.0,-2,0
Bahrain2022,PER,34.0,18.0,1,0.596,2,23.0,-2,0
Bahrain2022,PER,44.0,13.0,0,0.772,4,13.0,0,1
Bahrain2022,ALO,12.0,14.0,0,0.211,11,45.0,2,1
Bahrain2022,ALO,26.0,14.0,1,0.456,10,31.0,-1,0
Bahrain2022,ALO,43.0,17.0,2,0.754,12,14.0,0,1
Bahrain2022,LEC,16.0,15.0,0,0.281,1,41.0,0,1
Bahrain2022,LEC,32.0,19.0,0,0.561,1,25.0,0,1
Bahrain2022,LEC,47.0,15.0,1,0.825,1,10.0,0,1
Bahrain2022,STR,19.0,18.0,0,0.333,12,38.0,-4,0
Bahrain2022,STR,39.0,20.0,0,0.684,14,18.0,-1,0
Bahrain2022,STR,46.0,7.0,1,0.807,14,11.0,0,1
Bahrain2022,MAG,15.0,14.0,0,0.263,6,42.0,-1,0
Bahrain2022,MAG,35.0,23.0,0,0.614,6,22.0,-1,0
Bahrain2022,MAG,47.0,12.0,1,0.825,7,10.0,0,1
Bahrain2022,TSU,16.0,15.0,0,0.281,7,41.0,-4,0
Bahrain2022,TSU,30.0,14.0,1,0.526,11,27.0,-2,0
Bahrain2022,TSU,45.0,15.0,0,0.789,10,12.0,-1,0
Bahrain2022,ALB,14.0,13.0,0,0.246,14,43.0,-2,0
Bahrain2022,ALB,36.0,22.0,1,0.632,16,21.0,-1,0
Bahrain2022,ALB,47.0,13.0,1,0.825,14,10.0,-1,0
Bahrain2022,ZHO,16.0,15.0,0,0.281,8,41.0,-5,0
Bahrain2022,ZHO,38.0,22.0,1,0.667,9,19.0,-3,0
Bahrain2022,ZHO,46.0,8.0,1,0.807,9,11.0,-4,0
Bahrain2022,HUL,20.0,19.0,0,0.351,17,37.0,-2,0
Bahrain2022,HUL,38.0,18.0,0,0.667,17,19.0,-3,0
Bahrain2022,HUL,45.0,7.0,1,0.789,20,12.0,1,1
Bahrain2022,RIC,18.0,17.0,1,0.316,18,39.0,-1,0
Bahrain2022,RIC,34.0,16.0,0,0.596,17,23.0,-1,0
Bahrain2022,RIC,45.0,11.0,2,0.789,17,12.0,1,1
Bahrain2022,OCO,15.0,14.0,0,0.263,8,42.0,-2,0
Bahrain2022,OCO,31.0,16.0,1,0.544,9,26.0,-3,0
Bahrain2022,OCO,44.0,13.0,2,0.772,9,13.0,0,1
Bahrain2022,NOR,25.0,24.0,1,0.439,17,32.0,-3,0
Bahrain2022,NOR,42.0,17.0,2,0.737,16,15.0,-1,0
Bahrain2022,HAM,12.0,13.0,0,0.211,5,45.0,0,1
Bahrain2022,HAM,28.0,17.0,2,0.491,5,29.0,-1,0
Bahrain2022,HAM,45.0,17.0,1,0.789,4,12.0,-1,0
Bahrain2022,MSC,13.0,12.0,0,0.228,17,44.0,1,1
Bahrain2022,MSC,36.0,23.0,1,0.632,14,21.0,0,1
Bahrain2022,SAI,15.0,17.0,0,0.263,4,42.0,1,1
Bahrain2022,SAI,34.0,19.0,0,0.596,1,23.0,-2,0
Bahrain2022,SAI,45.0,11.0,1,0.789,2,12.0,-1,0
Bahrain2022,LAT,15.0,14.0,0,0.263,18,42.0,1,1
Bahrain2022,LAT,33.0,18.0,0,0.579,20,24.0,1,1
Bahrain2022,LAT,46.0,13.0,1,0.807,17,11.0,-1,0
Bahrain2022,RUS,16.0,18.0,0,0.281,3,41.0,-3,0
Bahrain2022,RUS,34.0,19.0,2,0.596,5,23.0,-1,0
Bahrain2022,RUS,46.0,12.0,1,0.807,5,11.0,-1,0
Bahrain2022,BOT,15.0,17.0,0,0.263,11,42.0,-1,0
Bahrain2022,BOT,37.0,22.0,1,0.649,7,20.0,-4,0
Bahrain2022,BOT,46.0,9.0,1,0.807,8,11.0,0,1
Saudi Arabia2022,VER,17.0,16.0,1,0.34,2,33.0,0,1
Saudi Arabia2022,GAS,16.0,15.0,1,0.32,11,34.0,-3,0
Saudi Arabia2022,PER,16.0,15.0,1,0.32,2,34.0,-2,0
Saudi Arabia2022,ALO,17.0,16.0,1,0.34,6,33.0,-2,0
Saudi Arabia2022,LEC,17.0,16.0,1,0.34,1,33.0,0,1
Saudi Arabia2022,STR,14.0,14.0,1,0.28,15,36.0,-1,0
Saudi Arabia2022,MAG,38.0,39.0,2,0.76,7,12.0,-2,0
Saudi Arabia2022,ALB,14.0,13.0,1,0.28,17,36.0,0,1
Saudi Arabia2022,ZHO,17.0,16.0,1,0.34,12,33.0,-3,0
Saudi Arabia2022,HUL,38.0,38.0,2,0.76,13,12.0,-1,0
Saudi Arabia2022,RIC,9.0,8.0,1,0.18,15,41.0,-1,0
Saudi Arabia2022,OCO,17.0,16.0,1,0.34,9,33.0,-2,0
Saudi Arabia2022,NOR,17.0,16.0,1,0.34,11,33.0,-2,0
Saudi Arabia2022,HAM,41.0,41.0,2,0.82,6,9.0,-4,0
Saudi Arabia2022,SAI,17.0,16.0,1,0.34,3,33.0,0,1
Saudi Arabia2022,RUS,17.0,16.0,1,0.34,5,33.0,0,1
Saudi Arabia2022,BOT,17.0,16.0,1,0.34,7,33.0,-3,0
Australia2022,VER,19.0,18.0,1,0.328,7,39.0,5,1
Australia2022,GAS,22.0,21.0,1,0.379,15,36.0,1,1
Australia2022,PER,21.0,20.0,1,0.362,6,37.0,1,1
Australia2022,ALO,40.0,39.0,2,0.69,12,18.0,0,1
Australia2022,ALO,54.0,14.0,1,0.931,17,4.0,0,1
Australia2022,LEC,23.0,22.0,1,0.397,1,35.0,0,1
Australia2022,STR,4.0,4.0,2,0.069,19,54.0,0,1
Australia2022,STR,5.0,3.0,1,0.086,19,53.0,1,1
Australia2022,STR,24.0,19.0,2,0.414,12,34.0,0,1
Australia2022,MAG,40.0,39.0,2,0.69,16,18.0,1,1
Australia2022,TSU,19.0,18.0,1,0.328,17,39.0,2,1
Australia2022,ZHO,22.0,21.0,1,0.379,16,36.0,-1,0
Australia2022,RIC,22.0,21.0,1,0.379,9,36.0,0,1
Australia2022,OCO,18.0,17.0,1,0.31,17,40.0,6,1
Australia2022,NOR,21.0,20.0,1,0.362,10,37.0,2,1
Australia2022,HAM,23.0,22.0,1,0.397,4,35.0,-2,0
Australia2022,MSC,15.0,16.0,1,0.259,18,43.0,0,1
Australia2022,LAT,14.0,13.0,1,0.241,19,44.0,0,1
Australia2022,LAT,24.0,11.0,2,0.414,18,34.0,0,1
Australia2022,RUS,24.0,23.0,1,0.414,3,34.0,0,1
Australia2022,BOT,23.0,22.0,1,0.397,14,35.0,1,1
Spain2022,VER,14.0,16.0,0,0.212,4,52.0,1,1
Spain2022,VER,29.0,15.0,1,0.439,3,37.0,0,1
Spain2022,VER,45.0,19.0,0,0.682,1,21.0,0,1
Spain2022,PER,18.0,20.0,0,0.273,2,48.0,-2,0
Spain2022,PER,38.0,20.0,1,0.576,1,28.0,-1,0
Spain2022,PER,54.0,16.0,1,0.818,2,12.0,0,1
Spain2022,RUS,14.0,16.0,0,0.212,3,52.0,1,1
Spain2022,RUS,37.0,23.0,1,0.561,3,29.0,0,1
Spain2022,RUS,52.0,15.0,1,0.788,3,14.0,0,1
Spain2022,SAI,11.0,13.0,0,0.167,11,55.0,3,1
Spain2022,SAI,32.0,21.0,1,0.485,5,34.0,0,1
Spain2022,SAI,46.0,14.0,1,0.697,5,20.0,0,1
Spain2022,HAM,23.0,23.0,0,0.348,16,43.0,2,1
Spain2022,HAM,49.0,26.0,1,0.742,5,17.0,-1,0
Spain2022,BOT,15.0,17.0,0,0.227,3,51.0,-2,0
Spain2022,BOT,35.0,20.0,1,0.53,4,31.0,0,1
Spain2022,OCO,14.0,13.0,0,0.212,6,52.0,0,1
Spain2022,OCO,36.0,22.0,1,0.545,6,30.0,-1,0
Spain2022,OCO,53.0,20.0,0,0.803,7,13.0,0,1
Spain2022,NOR,13.0,12.0,0,0.197,7,53.0,-2,0
Spain2022,NOR,34.0,21.0,1,0.515,6,32.0,-2,0
Spain2022,NOR,52.0,21.0,0,0.788,8,14.0,0,1
Spain2022,ALO,11.0,10.0,0,0.167,13,55.0,2,1
Spain2022,ALO,32.0,21.0,1,0.485,9,34.0,-1,0
Spain2022,ALO,54.0,22.0,0,0.818,7,12.0,-2,0
Spain2022,TSU,12.0,11.0,0,0.182,9,54.0,-1,0
Spain2022,TSU,33.0,21.0,1,0.5,8,33.0,-3,0
Spain2022,TSU,53.0,23.0,0,0.803,9,13.0,-1,0
Spain2022,VET,22.0,24.0,0,0.333,10,44.0,-5,0
Spain2022,VET,43.0,24.0,0,0.652,11,23.0,-1,0
Spain2022,RIC,12.0,14.0,0,0.182,10,54.0,-2,0
Spain2022,RIC,32.0,23.0,0,0.485,11,34.0,-2,0
Spain2022,RIC,49.0,17.0,1,0.742,13,17.0,0,1
Spain2022,GAS,11.0,10.0,0,0.167,14,55.0,0,1
Spain2022,GAS,30.0,19.0,1,0.455,14,36.0,0,1
Spain2022,GAS,47.0,20.0,0,0.712,14,19.0,0,1
Spain2022,MSC,13.0,14.0,0,0.197,8,53.0,-5,0
Spain2022,MSC,31.0,21.0,0,0.47,11,35.0,-1,0
Spain2022,STR,15.0,17.0,0,0.227,9,51.0,-8,0
Spain2022,STR,28.0,16.0,0,0.424,17,38.0,2,1
Spain2022,STR,47.0,20.0,1,0.712,15,19.0,0,1
Spain2022,LAT,13.0,12.0,0,0.197,12,53.0,-7,0
Spain2022,LAT,27.0,14.0,1,0.409,18,39.0,2,1
Spain2022,LAT,51.0,24.0,0,0.773,15,15.0,-2,0
Spain2022,MAG,2.0,3.0,0,0.03,20,64.0,0,1
Spain2022,MAG,30.0,28.0,1,0.455,17,36.0,-1,0
Spain2022,ALB,12.0,11.0,0,0.182,14,54.0,-4,0
Spain2022,ALB,26.0,14.0,1,0.394,19,40.0,2,1
Spain2022,ALB,46.0,20.0,0,0.697,18,20.0,0,1
Spain2022,ALB,55.0,9.0,1,0.833,18,11.0,0,1
Spain2022,ZHO,11.0,10.0,0,0.167,16,55.0,1,1
Spain2022,LEC,22.0,21.0,0,0.333,1,44.0,-3,0
Monaco2022,VER,31.0,8.0,2,0.484,3,33.0,0,1
Monaco2022,PER,31.0,8.0,2,0.484,1,33.0,0,1
Monaco2022,STR,3.0,2.0,4,0.047,19,61.0,0,1
Monaco2022,STR,25.0,22.0,3,0.391,14,39.0,0,1
Monaco2022,TSU,7.0,6.0,4,0.109,17,57.0,-1,0
Monaco2022,TSU,57.0,27.0,1,0.891,17,7.0,0,1
Monaco2022,NOR,52.0,29.0,2,0.812,6,12.0,0,1
Monaco2022,HAM,31.0,8.0,2,0.484,8,33.0,0,1
Monaco2022,MSC,5.0,4.0,4,0.078,17,59.0,0,1
Monaco2022,VET,7.0,6.0,4,0.109,16,57.0,1,1
Monaco2022,VET,24.0,17.0,3,0.375,12,40.0,1,1
Britain2022,VER,13.0,11.0,1,0.25,1,39.0,-5,0
Britain2022,VER,24.0,11.0,1,0.462,6,28.0,-2,0
Britain2022,VER,40.0,16.0,2,0.769,8,12.0,1,1
Britain2022,GAS,17.0,15.0,0,0.327,13,35.0,-1,0
Britain2022,PER,6.0,4.0,1,0.115,4,46.0,-12,0
Britain2022,PER,40.0,35.0,1,0.769,4,12.0,1,1
Britain2022,ALO,34.0,32.0,1,0.654,5,18.0,0,1
Britain2022,ALO,40.0,6.0,2,0.769,5,12.0,0,1
Britain2022,LEC,26.0,24.0,1,0.5,1,26.0,-1,0
Britain2022,STR,16.0,16.0,1,0.308,14,36.0,-1,0
Britain2022,STR,41.0,26.0,2,0.788,9,11.0,-3,0
Britain2022,MAG,23.0,23.0,1,0.442,9,29.0,-3,0
Britain2022,TSU,19.0,17.0,0,0.365,14,33.0,-2,0
Britain2022,TSU,39.0,21.0,2,0.75,14,13.0,0,1
Britain2022,RIC,21.0,20.0,1,0.404,9,31.0,-4,0
Britain2022,RIC,33.0,12.0,2,0.635,13,19.0,0,1
Britain2022,RIC,39.0,6.0,0,0.75,13,13.0,0,1
Britain2022,OCO,23.0,21.0,0,0.442,7,29.0,-3,0
Britain2022,NOR,35.0,34.0,1,0.673,4,17.0,-1,0
Britain2022,NOR,41.0,6.0,2,0.788,5,11.0,-1,0
Britain2022,HAM,34.0,32.0,1,0.654,1,18.0,-2,0
Britain2022,HAM,40.0,6.0,2,0.769,3,12.0,1,1
Britain2022,MSC,2.0,3.0,1,0.038,15,50.0,1,1
Britain2022,MSC,20.0,18.0,1,0.385,10,32.0,-1,0
Britain2022,MSC,40.0,20.0,2,0.769,9,12.0,1,1
Britain2022,VET,7.0,5.0,0,0.135,12,45.0,-5,0
Britain2022,VET,40.0,35.0,1,0.769,7,12.0,-2,0
Britain2022,SAI,21.0,19.0,1,0.404,1,31.0,-1,0
Britain2022,SAI,40.0,19.0,2,0.769,1,12.0,0,1
Britain2022,LAT,20.0,18.0,0,0.385,8,32.0,-1,0
Britain2022,LAT,40.0,20.0,1,0.769,11,12.0,0,1
Hungary2022,VER,17.0,17.0,0,0.243,5,53.0,1,1
Hungary2022,VER,39.0,22.0,1,0.557,4,31.0,0,1
Hungary2022,GAS,17.0,16.0,0,0.243,13,53.0,-4,0
Hungary2022,GAS,47.0,30.0,1,0.671,14,23.0,0,1
Hungary2022,PER,19.0,18.0,0,0.271,3,51.0,-3,0
Hungary2022,PER,43.0,24.0,1,0.614,6,27.0,0,1
Hungary2022,ALO,22.0,21.0,1,0.314,6,48.0,-6,0
Hungary2022,LEC,22.0,21.0,1,0.314,1,48.0,-1,0
Hungary2022,LEC,40.0,18.0,1,0.571,1,30.0,-3,0
Hungary2022,LEC,55.0,15.0,2,0.786,4,15.0,-2,0
Hungary2022,STR,15.0,17.0,0,0.214,15,55.0,1,1
Hungary2022,STR,47.0,33.0,1,0.671,9,23.0,-2,0
Hungary2022,MAG,7.0,6.0,1,0.1,12,63.0,-8,0
Hungary2022,MAG,36.0,29.0,2,0.514,18,34.0,1,1
Hungary2022,MAG,68.0,32.0,1,0.971,16,2.0,0,1
Hungary2022,TSU,14.0,13.0,0,0.2,17,56.0,0,1
Hungary2022,TSU,34.0,20.0,1,0.486,17,36.0,-3,0
Hungary2022,TSU,52.0,18.0,0,0.743,20,18.0,0,1
Hungary2022,ALB,3.0,2.0,0,0.043,12,67.0,-7,0
Hungary2022,ALB,22.0,19.0,1,0.314,18,48.0,-2,0
Hungary2022,ALB,41.0,19.0,1,0.586,17,29.0,-2,0
Hungary2022,ZHO,28.0,27.0,1,0.4,9,42.0,-7,0
Hungary2022,ZHO,52.0,24.0,2,0.743,15,18.0,-3,0
Hungary2022,RIC,16.0,17.0,0,0.229,11,54.0,-2,0
Hungary2022,RIC,47.0,31.0,1,0.671,8,23.0,-5,0
Hungary2022,OCO,24.0,23.0,1,0.343,6,46.0,-4,0
Hungary2022,NOR,15.0,17.0,0,0.214,9,55.0,-2,0
Hungary2022,NOR,43.0,28.0,1,0.614,7,27.0,0,1
Hungary2022,HAM,20.0,19.0,1,0.286,2,50.0,-3,0
Hungary2022,HAM,52.0,32.0,1,0.743,2,18.0,-2,0
Hungary2022,MSC,22.0,21.0,1,0.314,12,48.0,-5,0
Hungary2022,MSC,42.0,20.0,2,0.6,16,28.0,0,1
Hungary2022,VET,16.0,15.0,0,0.229,13,54.0,-2,0
Hungary2022,VET,47.0,32.0,1,0.671,12,23.0,0,1
Hungary2022,SAI,18.0,17.0,1,0.257,2,52.0,-1,0
Hungary2022,SAI,48.0,30.0,1,0.686,2,22.0,-2,0
Hungary2022,LAT,19.0,18.0,1,0.271,13,51.0,-6,0
Hungary2022,LAT,40.0,21.0,1,0.571,17,30.0,-1,0
Hungary2022,LAT,57.0,17.0,0,0.814,19,13.0,0,1
Hungary2022,RUS,17.0,19.0,0,0.243,3,53.0,2,1
Hungary2022,RUS,40.0,23.0,1,0.571,3,30.0,-2,0
Hungary2022,BOT,27.0,26.0,1,0.386,9,43.0,-5,0
Belgium2022,VER,16.0,15.0,0,0.364,1,28.0,0,1
Belgium2022,VER,31.0,15.0,1,0.705,1,13.0,0,1
Belgium2022,GAS,11.0,10.0,1,0.25,18,33.0,6,1
Belgium2022,GAS,23.0,12.0,2,0.523,14,21.0,2,1
Belgium2022,PER,15.0,14.0,1,0.341,2,29.0,-1,0
Belgium2022,PER,28.0,13.0,1,0.636,2,16.0,0,1
Belgium2022,ALO,12.0,11.0,1,0.273,6,32.0,0,1
Belgium2022,ALO,26.0,14.0,1,0.591,8,18.0,0,1
Belgium2022,LEC,4.0,3.0,0,0.091,12,40.0,-1,0
Belgium2022,LEC,26.0,22.0,1,0.591,5,18.0,0,1
Belgium2022,LEC,43.0,17.0,1,0.977,5,1.0,0,1
Belgium2022,STR,16.0,16.0,1,0.364,6,28.0,-5,0
Belgium2022,STR,27.0,12.0,1,0.614,13,17.0,1,1
Belgium2022,MAG,12.0,11.0,1,0.273,16,32.0,0,1
Belgium2022,MAG,28.0,16.0,2,0.636,14,16.0,-2,0
Belgium2022,TSU,19.0,18.0,2,0.432,10,25.0,-5,0
Belgium2022,TSU,31.0,12.0,1,0.705,11,13.0,-3,0
Belgium2022,ALB,11.0,10.0,1,0.25,11,33.0,3,1
Belgium2022,ALB,27.0,16.0,2,0.614,11,17.0,0,1
Belgium2022,ZHO,15.0,14.0,1,0.341,10,29.0,-4,0
Belgium2022,ZHO,29.0,14.0,1,0.659,13,15.0,0,1
Belgium2022,RIC,13.0,12.0,1,0.295,8,31.0,-3,0
Belgium2022,RIC,33.0,20.0,2,0.75,10,11.0,-5,0
Belgium2022,OCO,13.0,12.0,1,0.295,10,31.0,1,1
Belgium2022,OCO,33.0,20.0,2,0.75,7,11.0,0,1
Belgium2022,NOR,14.0,13.0,1,0.318,11,30.0,-2,0
Belgium2022,NOR,30.0,16.0,2,0.682,12,14.0,0,1
Belgium2022,MSC,15.0,14.0,1,0.341,16,29.0,-1,0
Belgium2022,MSC,31.0,16.0,2,0.705,16,13.0,-1,0
Belgium2022,VET,15.0,15.0,1,0.341,4,29.0,-3,0
Belgium2022,VET,34.0,19.0,2,0.773,6,10.0,-2,0
Belgium2022,SAI,12.0,13.0,0,0.273,3,32.0,2,1
Belgium2022,SAI,26.0,14.0,1,0.591,4,18.0,1,1
Belgium2022,LAT,4.0,3.0,1,0.091,18,40.0,1,1
Belgium2022,LAT,16.0,13.0,1,0.364,14,28.0,-4,0
Belgium2022,LAT,35.0,19.0,2,0.795,18,9.0,0,1
Belgium2022,RUS,14.0,13.0,1,0.318,3,30.0,-1,0
Belgium2022,RUS,30.0,16.0,1,0.682,3,14.0,-1,0
Italy2022,VER,26.0,25.0,0,0.491,1,27.0,-1,0
Italy2022,VER,49.0,23.0,1,0.925,1,4.0,0,1
Italy2022,GAS,19.0,18.0,1,0.358,9,34.0,-3,0
Italy2022,PER,8.0,7.0,1,0.151,18,45.0,-1,0
Italy2022,PER,43.0,35.0,2,0.811,5,10.0,-1,0
Italy2022,LEC,13.0,12.0,0,0.245,2,40.0,-1,0
Italy2022,LEC,34.0,21.0,1,0.642,1,19.0,-1,0
Italy2022,LEC,49.0,15.0,0,0.925,2,4.0,0,1
Italy2022,STR,19.0,19.0,1,0.358,14,34.0,-5,0
Italy2022,MAG,25.0,24.0,1,0.472,14,28.0,-5,0
Italy2022,MAG,47.0,22.0,2,0.887,16,6.0,0,1
Italy2022,TSU,20.0,19.0,1,0.377,12,33.0,-4,0
Italy2022,TSU,48.0,29.0,2,0.906,14,5.0,0,1
Italy2022,ZHO,19.0,18.0,1,0.358,11,34.0,-4,0
Italy2022,RIC,20.0,19.0,1,0.377,7,33.0,-4,0
Italy2022,OCO,20.0,19.0,0,0.377,10,33.0,-5,0
Italy2022,NOR,36.0,35.0,1,0.679,4,17.0,-3,0
Italy2022,NOR,48.0,14.0,0,0.906,6,5.0,-1,0
Italy2022,HAM,34.0,33.0,1,0.642,7,19.0,1,1
Italy2022,DEV,20.0,19.0,0,0.377,9,33.0,-4,0
Italy2022,MSC,34.0,33.0,1,0.642,9,19.0,-6,0
Italy2022,SAI,31.0,30.0,1,0.585,4,22.0,0,1
Italy2022,SAI,48.0,17.0,0,0.906,4,5.0,0,1
Italy2022,LAT,16.0,15.0,1,0.302,18,37.0,-1,0
Italy2022,LAT,48.0,32.0,2,0.906,15,5.0,0,1
Italy2022,RUS,24.0,23.0,0,0.453,3,29.0,-1,0
Italy2022,RUS,48.0,24.0,2,0.906,3,5.0,0,1
Italy2022,BOT,36.0,35.0,1,0.679,11,17.0,-5,0
Bahrain2023,VER,15.0,17.0,0,0.263,1,42.0,0,1
Bahrain2023,VER,37.0,22.0,0,0.649,1,20.0,0,1
Bahrain2023,GAS,10.0,9.0,0,0.175,19,47.0,5,1
Bahrain2023,GAS,26.0,16.0,2,0.456,12,31.0,0,1
Bahrain2023,GAS,41.0,15.0,2,0.719,10,16.0,1,1
Bahrain2023,PER,18.0,20.0,0,0.316,1,39.0,-2,0
Bahrain2023,PER,35.0,19.0,0,0.614,2,22.0,0,1
Bahrain2023,ALO,15.0,17.0,0,0.263,4,42.0,-2,0
Bahrain2023,ALO,35.0,20.0,2,0.614,3,22.0,-1,0
Bahrain2023,LEC,14.0,13.0,0,0.246,3,43.0,1,1
Bahrain2023,LEC,34.0,20.0,2,0.596,3,23.0,0,1
Bahrain2023,STR,16.0,18.0,0,0.281,4,41.0,-4,0
Bahrain2023,STR,31.0,15.0,2,0.544,8,26.0,1,1
Bahrain2023,SAR,13.0,12.0,0,0.228,10,44.0,-3,0
Bahrain2023,SAR,31.0,18.0,0,0.544,10,26.0,-3,0
Bahrain2023,SAR,41.0,10.0,2,0.719,12,16.0,-1,0
Bahrain2023,MAG,16.0,15.0,2,0.281,11,41.0,-6,0
Bahrain2023,MAG,30.0,14.0,2,0.526,13,27.0,-3,0
Bahrain2023,MAG,41.0,11.0,0,0.719,15,16.0,0,1
Bahrain2023,DEV,12.0,11.0,0,0.211,17,45.0,3,1
Bahrain2023,DEV,28.0,16.0,2,0.491,12,29.0,-2,0
Bahrain2023,TSU,11.0,10.0,0,0.193,14,46.0,3,1
Bahrain2023,TSU,27.0,16.0,2,0.474,11,30.0,-2,0
Bahrain2023,TSU,41.0,14.0,2,0.719,11,16.0,0,1
Bahrain2023,ALB,12.0,11.0,0,0.211,12,45.0,2,1
Bahrain2023,ALB,27.0,15.0,0,0.474,10,30.0,-1,0
Bahrain2023,ALB,41.0,14.0,2,0.719,9,16.0,-1,0
Bahrain2023,ZHO,13.0,12.0,0,0.228,12,44.0,-3,0
Bahrain2023,ZHO,33.0,20.0,2,0.579,10,24.0,-5,0
Bahrain2023,ZHO,55.0,25.0,0,0.965,13,2.0,-3,0
Bahrain2023,HUL,12.0,14.0,0,0.211,16,45.0,0,1
Bahrain2023,HUL,27.0,15.0,2,0.474,16,30.0,-1,0
Bahrain2023,HUL,41.0,14.0,2,0.719,16,16.0,0,1
Bahrain2023,OCO,13.0,15.0,0,0.228,9,44.0,-9,0
Bahrain2023,OCO,33.0,20.0,2,0.579,18,24.0,0,1
Bahrain2023,NOR,11.0,10.0,0,0.193,13,46.0,-1,0
Bahrain2023,NOR,18.0,7.0,2,0.316,15,39.0,-3,0
Bahrain2023,NOR,28.0,13.0,0,0.491,17,29.0,-1,0
Bahrain2023,NOR,38.0,10.0,1,0.667,18,19.0,1,1
Bahrain2023,NOR,48.0,10.0,2,0.842,17,9.0,0,1
Bahrain2023,HAM,13.0,15.0,0,0.228,7,44.0,2,1
Bahrain2023,HAM,31.0,18.0,2,0.544,6,26.0,1,1
Bahrain2023,SAI,14.0,16.0,0,0.246,4,43.0,0,1
Bahrain2023,SAI,32.0,18.0,2,0.561,4,25.0,0,1
Bahrain2023,RUS,14.0,16.0,0,0.246,7,43.0,0,1
Bahrain2023,RUS,32.0,18.0,2,0.561,6,25.0,-2,0
Bahrain2023,BOT,12.0,11.0,0,0.211,9,45.0,2,1
Bahrain2023,BOT,30.0,18.0,2,0.526,9,27.0,0,1
Saudi Arabia2023,VER,19.0,18.0,1,0.38,4,31.0,1,1
Saudi Arabia2023,GAS,15.0,14.0,1,0.3,9,35.0,-1,0
Saudi Arabia2023,PER,19.0,18.0,1,0.38,1,31.0,0,1
Saudi Arabia2023,ALO,19.0,18.0,1,0.38,2,31.0,0,1
Saudi Arabia2023,LEC,17.0,16.0,0,0.34,5,33.0,-2,0
Saudi Arabia2023,STR,14.0,13.0,1,0.28,5,36.0,-5,0
Saudi Arabia2023,SAR,19.0,18.0,2,0.38,10,31.0,-4,0
Saudi Arabia2023,MAG,9.0,8.0,1,0.18,14,41.0,-1,0
Saudi Arabia2023,DEV,18.0,17.0,1,0.36,11,32.0,-5,0
Saudi Arabia2023,TSU,18.0,17.0,1,0.36,6,32.0,-2,0
Saudi Arabia2023,ALB,18.0,17.0,1,0.36,9,32.0,-4,0
Saudi Arabia2023,ZHO,12.0,11.0,1,0.24,11,38.0,-4,0
Saudi Arabia2023,ZHO,19.0,7.0,2,0.38,14,31.0,-1,0
Saudi Arabia2023,HUL,12.0,11.0,1,0.24,13,38.0,-3,0
Saudi Arabia2023,OCO,17.0,16.0,1,0.34,7,33.0,-2,0
Saudi Arabia2023,NOR,3.0,2.0,0,0.06,19,47.0,-1,0
Saudi Arabia2023,NOR,20.0,17.0,2,0.4,18,30.0,1,1
Saudi Arabia2023,HAM,19.0,18.0,2,0.38,5,31.0,0,1
Saudi Arabia2023,SAI,16.0,15.0,1,0.32,4,34.0,-1,0
Saudi Arabia2023,RUS,19.0,18.0,1,0.38,3,31.0,-1,0
Saudi Arabia2023,BOT,10.0,9.0,1,0.2,17,40.0,-2,0
Saudi Arabia2023,BOT,18.0,8.0,2,0.36,19,32.0,0,1
Saudi Arabia2023,BOT,36.0,18.0,1,0.72,18,14.0,0,1
Australia2023,VER,9.0,8.0,1,0.155,2,49.0,1,1
Australia2023,VER,56.0,47.0,2,0.966,1,2.0,0,1
Australia2023,GAS,9.0,8.0,0,0.155,5,49.0,0,1
Australia2023,PER,9.0,6.0,2,0.155,14,49.0,-1,0
Australia2023,PER,56.0,48.0,2,0.966,7,2.0,1,1
Australia2023,ALO,9.0,9.0,1,0.155,3,49.0,0,1
Australia2023,ALO,56.0,47.0,2,0.966,3,2.0,0,1
Australia2023,STR,9.0,9.0,1,0.155,4,49.0,-2,0
Australia2023,STR,56.0,47.0,2,0.966,6,2.0,1,1
Australia2023,SAR,9.0,7.0,2,0.155,17,49.0,1,1
Australia2023,SAR,37.0,28.0,1,0.638,17,21.0,0,1
Australia2023,SAR,55.0,25.0,2,0.948,15,3.0,-1,0
Australia2023,MAG,8.0,7.0,1,0.138,18,50.0,4,1
Australia2023,DEV,9.0,8.0,2,0.155,12,49.0,-5,0
Australia2023,DEV,46.0,37.0,1,0.793,17,12.0,0,1
Australia2023,DEV,55.0,9.0,0,0.948,16,3.0,1,1
Australia2023,TSU,9.0,8.0,1,0.155,8,49.0,-2,0
Australia2023,TSU,55.0,46.0,2,0.948,13,3.0,2,1
Australia2023,ZHO,55.0,53.0,2,0.948,12,3.0,2,1
Australia2023,HUL,9.0,8.0,1,0.155,6,49.0,-2,0
Australia2023,HUL,56.0,47.0,2,0.966,9,2.0,1,1
Australia2023,NOR,9.0,8.0,1,0.155,9,49.0,0,1
Australia2023,NOR,56.0,47.0,2,0.966,8,2.0,1,1
Australia2023,HAM,9.0,8.0,1,0.155,1,49.0,-1,0
Australia2023,HAM,56.0,47.0,2,0.966,2,2.0,0,1
Australia2023,SAI,8.0,7.0,1,0.138,8,50.0,0,1
Australia2023,SAI,56.0,48.0,2,0.966,4,2.0,0,1
Australia2023,RUS,8.0,7.0,1,0.138,7,50.0,3,1
Australia2023,BOT,54.0,52.0,2,0.931,14,4.0,2,1
Australia2023,PIA,9.0,8.0,1,0.155,10,49.0,-1,0
Australia2023,PIA,55.0,46.0,2,0.948,11,3.0,2,1
Spain2023,VER,27.0,26.0,1,0.409,1,39.0,0,1
Spain2023,VER,53.0,26.0,2,0.803,1,13.0,0,1
Spain2023,HAM,25.0,27.0,0,0.379,2,41.0,0,1
Spain2023,HAM,51.0,26.0,1,0.773,2,15.0,0,1
Spain2023,RUS,26.0,25.0,0,0.394,2,40.0,-2,0
Spain2023,RUS,46.0,20.0,1,0.697,3,20.0,0,1
Spain2023,PER,28.0,27.0,1,0.424,4,38.0,-3,0
Spain2023,PER,51.0,23.0,2,0.773,3,15.0,-1,0
Spain2023,SAI,16.0,18.0,0,0.242,3,50.0,-2,0
Spain2023,SAI,42.0,26.0,1,0.636,5,24.0,0,1
Spain2023,STR,15.0,17.0,0,0.227,5,51.0,-1,0
Spain2023,STR,35.0,23.0,0,0.53,7,31.0,-1,0
Spain2023,ALO,20.0,22.0,0,0.303,5,46.0,-4,0
Spain2023,ALO,45.0,28.0,0,0.682,5,21.0,-3,0
Spain2023,OCO,14.0,16.0,0,0.212,8,52.0,-1,0
Spain2023,OCO,36.0,22.0,1,0.545,7,30.0,-2,0
Spain2023,ZHO,10.0,9.0,0,0.152,11,56.0,-5,0
Spain2023,ZHO,37.0,27.0,2,0.561,9,29.0,-2,0
Spain2023,GAS,20.0,22.0,0,0.303,7,46.0,-6,0
Spain2023,GAS,40.0,20.0,1,0.606,9,26.0,-3,0
Spain2023,LEC,17.0,16.0,2,0.258,9,49.0,-7,0
Spain2023,TSU,11.0,10.0,0,0.167,10,55.0,-3,0
Spain2023,TSU,35.0,24.0,2,0.53,9,31.0,-1,0
Spain2023,PIA,18.0,19.0,0,0.273,8,48.0,-3,0
Spain2023,PIA,40.0,22.0,2,0.606,7,26.0,-4,0
Spain2023,DEV,10.0,9.0,0,0.152,16,56.0,-2,0
Spain2023,DEV,39.0,29.0,2,0.591,13,27.0,-1,0
Spain2023,HUL,9.0,11.0,0,0.136,17,57.0,3,1
Spain2023,HUL,27.0,18.0,1,0.409,14,39.0,-2,0
Spain2023,HUL,44.0,17.0,2,0.667,12,22.0,-4,0
Spain2023,ALB,17.0,16.0,0,0.258,14,49.0,-5,0
Spain2023,ALB,38.0,21.0,2,0.576,19,28.0,2,1
Spain2023,NOR,2.0,3.0,0,0.03,14,64.0,-6,0
Spain2023,NOR,23.0,21.0,2,0.348,18,43.0,-2,0
Spain2023,NOR,51.0,28.0,1,0.773,15,15.0,-3,0
Spain2023,MAG,11.0,10.0,0,0.167,14,55.0,-3,0
Spain2023,MAG,25.0,14.0,1,0.379,16,41.0,-3,0
Spain2023,MAG,43.0,18.0,2,0.652,17,23.0,-1,0
Spain2023,BOT,6.0,5.0,0,0.091,19,60.0,2,1
Spain2023,BOT,40.0,34.0,2,0.606,18,26.0,-2,0
Spain2023,SAR,18.0,17.0,1,0.273,14,48.0,-5,0
Spain2023,SAR,37.0,19.0,2,0.561,20,29.0,1,1
Monaco2023,VER,56.0,55.0,1,0.718,1,22.0,0,1
Monaco2023,GAS,48.0,47.0,2,0.615,7,30.0,-1,0
Monaco2023,GAS,55.0,7.0,1,0.705,8,23.0,1,1
Monaco2023,PER,35.0,33.0,2,0.449,19,43.0,0,1
Monaco2023,PER,54.0,20.0,1,0.692,19,24.0,3,1
Monaco2023,PER,58.0,4.0,3,0.744,17,20.0,1,1
Monaco2023,PER,71.0,13.0,4,0.91,17,7.0,0,1
Monaco2023,ALO,55.0,55.0,2,0.705,2,23.0,0,1
Monaco2023,ALO,56.0,2.0,1,0.718,2,22.0,0,1
Monaco2023,LEC,45.0,44.0,2,0.577,8,33.0,1,1
Monaco2023,LEC,56.0,11.0,1,0.718,6,22.0,0,1
Monaco2023,STR,52.0,52.0,2,0.667,19,26.0,3,1
Monaco2023,SAR,21.0,20.0,1,0.269,20,57.0,0,1
Monaco2023,SAR,24.0,3.0,2,0.308,20,54.0,0,1
Monaco2023,SAR,53.0,29.0,0,0.679,20,25.0,2,1
Monaco2023,MAG,57.0,56.0,2,0.731,19,21.0,0,1
Monaco2023,DEV,54.0,53.0,1,0.692,13,24.0,0,1
Monaco2023,TSU,54.0,53.0,1,0.692,11,24.0,2,1
Monaco2023,ALB,19.0,18.0,1,0.244,20,59.0,1,1
Monaco2023,ALB,53.0,34.0,2,0.679,19,25.0,4,1
Monaco2023,ZHO,53.0,51.0,2,0.679,18,25.0,4,1
Monaco2023,HUL,55.0,53.0,2,0.705,18,23.0,1,1
Monaco2023,HUL,60.0,5.0,3,0.769,17,18.0,0,1
Monaco2023,OCO,33.0,32.0,1,0.423,7,45.0,1,1
Monaco2023,OCO,55.0,22.0,2,0.705,6,23.0,3,1
Monaco2023,NOR,51.0,50.0,1,0.654,11,27.0,0,1
Monaco2023,NOR,55.0,4.0,2,0.705,11,23.0,1,1
Monaco2023,HAM,32.0,31.0,1,0.41,8,46.0,0,1
Monaco2023,HAM,55.0,23.0,2,0.705,7,23.0,3,1
Monaco2023,SAI,34.0,33.0,2,0.436,6,44.0,-1,0
Monaco2023,SAI,56.0,22.0,1,0.718,8,22.0,0,1
Monaco2023,RUS,55.0,54.0,2,0.705,5,23.0,0,1
Monaco2023,BOT,52.0,51.0,2,0.667,18,26.0,6,1
Monaco2023,PIA,55.0,54.0,2,0.705,10,23.0,-1,0
Britain2023,VER,34.0,33.0,1,0.654,1,18.0,0,1
Britain2023,GAS,32.0,31.0,1,0.615,6,20.0,-5,0
Britain2023,PER,29.0,28.0,1,0.558,8,23.0,0,1
Britain2023,ALO,34.0,34.0,1,0.654,4,18.0,-2,0
Britain2023,LEC,19.0,18.0,1,0.365,4,33.0,-8,0
Britain2023,LEC,33.0,14.0,2,0.635,7,19.0,-3,0
Britain2023,STR,32.0,32.0,1,0.615,11,20.0,-1,0
Britain2023,SAR,30.0,29.0,1,0.577,12,22.0,-1,0
Britain2023,DEV,28.0,27.0,0,0.538,14,24.0,-3,0
Britain2023,DEV,33.0,5.0,1,0.635,16,19.0,0,1
Britain2023,TSU,15.0,14.0,0,0.288,14,37.0,-4,0
Britain2023,TSU,33.0,18.0,2,0.635,13,19.0,-2,0
Britain2023,ALB,33.0,32.0,1,0.635,6,19.0,-3,0
Britain2023,ZHO,25.0,24.0,1,0.481,15,27.0,-3,0
Britain2023,ZHO,34.0,9.0,2,0.654,15,18.0,-3,0
Britain2023,HUL,8.0,7.0,2,0.154,16,44.0,-3,0
Britain2023,HUL,33.0,25.0,1,0.635,18,19.0,1,1
Britain2023,NOR,34.0,33.0,1,0.654,2,18.0,0,1
Britain2023,HAM,34.0,33.0,1,0.654,3,18.0,0,1
Britain2023,SAI,27.0,26.0,1,0.519,5,25.0,-4,0
Britain2023,RUS,29.0,31.0,0,0.558,4,23.0,-1,0
Britain2023,BOT,33.0,32.0,2,0.635,12,19.0,-2,0
Britain2023,PIA,30.0,29.0,1,0.577,3,22.0,-1,0
Hungary2023,VER,24.0,26.0,1,0.343,1,46.0,0,1
Hungary2023,VER,52.0,28.0,2,0.743,1,18.0,0,1
Hungary2023,NOR,18.0,17.0,1,0.257,3,52.0,0,1
Hungary2023,NOR,45.0,27.0,2,0.643,2,25.0,0,1
Hungary2023,PER,25.0,27.0,2,0.357,3,45.0,-2,0
Hungary2023,PER,43.0,24.0,1,0.614,5,27.0,1,1
Hungary2023,HAM,17.0,19.0,1,0.243,4,53.0,-2,0
Hungary2023,HAM,50.0,33.0,2,0.714,3,20.0,-2,0
Hungary2023,PIA,19.0,20.0,1,0.271,2,51.0,-2,0
Hungary2023,PIA,43.0,24.0,2,0.614,3,27.0,-2,0
Hungary2023,RUS,29.0,28.0,2,0.414,8,41.0,-3,0
Hungary2023,RUS,47.0,18.0,1,0.671,6,23.0,-2,0
Hungary2023,LEC,18.0,20.0,1,0.257,4,52.0,-4,0
Hungary2023,LEC,44.0,26.0,2,0.629,7,26.0,1,1
Hungary2023,SAI,16.0,15.0,0,0.229,7,54.0,0,1
Hungary2023,SAI,45.0,29.0,2,0.643,6,25.0,-1,0
Hungary2023,ALO,21.0,23.0,1,0.3,4,49.0,-6,0
Hungary2023,ALO,44.0,27.0,2,0.629,9,26.0,0,1
Hungary2023,STR,10.0,9.0,0,0.143,11,60.0,-1,0
Hungary2023,STR,35.0,30.0,2,0.5,9,35.0,-3,0
Hungary2023,ALB,9.0,8.0,1,0.129,17,61.0,2,1
Hungary2023,ALB,32.0,26.0,2,0.457,12,38.0,-4,0
Hungary2023,BOT,10.0,12.0,1,0.143,14,60.0,1,1
Hungary2023,BOT,41.0,36.0,2,0.586,10,29.0,-2,0
Hungary2023,RIC,19.0,21.0,1,0.271,9,51.0,-9,0
Hungary2023,RIC,30.0,14.0,2,0.429,18,40.0,1,1
Hungary2023,HUL,17.0,19.0,1,0.243,9,53.0,-5,0
Hungary2023,HUL,39.0,25.0,2,0.557,12,31.0,-3,0
Hungary2023,TSU,10.0,9.0,0,0.143,12,60.0,-3,0
Hungary2023,TSU,45.0,38.0,2,0.643,11,25.0,-5,0
Hungary2023,ZHO,11.0,13.0,1,0.157,13,59.0,-3,0
Hungary2023,ZHO,39.0,33.0,2,0.557,14,31.0,-3,0
Hungary2023,MAG,15.0,14.0,1,0.214,12,55.0,-4,0
Hungary2023,MAG,42.0,30.0,2,0.6,17,28.0,-1,0
Hungary2023,SAR,14.0,13.0,1,0.2,13,56.0,-4,0
Hungary2023,SAR,35.0,24.0,2,0.5,16,35.0,-1,0
Italy2023,VER,21.0,20.0,1,0.412,1,30.0,0,1
Italy2023,GAS,11.0,10.0,1,0.216,18,40.0,0,1
Italy2023,GAS,32.0,24.0,2,0.627,17,19.0,-1,0
Italy2023,PER,22.0,21.0,1,0.431,1,29.0,-3,0
Italy2023,ALO,22.0,21.0,1,0.431,6,29.0,-4,0
Italy2023,LEC,21.0,20.0,1,0.412,3,30.0,-1,0
Italy2023,STR,21.0,20.0,1,0.412,13,30.0,-4,0
Italy2023,SAR,15.0,17.0,1,0.294,15,36.0,-1,0
Italy2023,MAG,13.0,16.0,2,0.255,17,38.0,-2,0
Italy2023,MAG,34.0,21.0,1,0.667,18,17.0,-1,0
Italy2023,ALB,16.0,18.0,1,0.314,9,35.0,-3,0
Italy2023,ZHO,12.0,11.0,1,0.235,17,39.0,2,1
Italy2023,ZHO,34.0,25.0,2,0.667,14,17.0,-2,0
Italy2023,HUL,15.0,17.0,1,0.294,13,36.0,-4,0
Italy2023,HUL,40.0,30.0,2,0.784,14,11.0,-3,0
Italy2023,OCO,25.0,24.0,1,0.49,12,26.0,-7,0
Italy2023,NOR,23.0,22.0,1,0.451,4,28.0,-3,0
Italy2023,LAW,14.0,16.0,1,0.275,15,37.0,1,1
Italy2023,LAW,34.0,23.0,2,0.667,12,17.0,-3,0
Italy2023,HAM,28.0,30.0,2,0.549,5,23.0,-4,0
Italy2023,SAI,20.0,19.0,1,0.392,4,31.0,1,1
Italy2023,RUS,20.0,19.0,1,0.392,5,31.0,-1,0
Italy2023,BOT,26.0,28.0,2,0.51,9,25.0,-6,0
Italy2023,PIA,24.0,23.0,1,0.471,3,27.0,-5,0
Italy2023,PIA,42.0,23.0,2,0.824,10,9.0,-3,0
Singapore2023,VER,41.0,40.0,2,0.661,6,21.0,-5,0
Singapore2023,GAS,21.0,20.0,1,0.339,12,41.0,1,1
Singapore2023,PER,40.0,39.0,2,0.645,15,22.0,2,1
Singapore2023,ALO,21.0,20.0,1,0.339,7,41.0,-1,0
Singapore2023,ALO,45.0,24.0,2,0.726,9,17.0,-8,0
Singapore2023,LEC,21.0,23.0,0,0.339,2,41.0,-4,0
Singapore2023,SAR,20.0,19.0,1,0.323,18,42.0,0,1
Singapore2023,SAR,44.0,24.0,2,0.71,16,18.0,0,1
Singapore2023,MAG,21.0,20.0,1,0.339,10,41.0,0,1
Singapore2023,MAG,44.0,23.0,2,0.71,14,18.0,0,1
Singapore2023,ALB,21.0,20.0,1,0.339,15,41.0,0,1
Singapore2023,ALB,44.0,23.0,2,0.71,12,18.0,0,1
Singapore2023,ZHO,3.0,2.0,0,0.048,18,59.0,0,1
Singapore2023,ZHO,21.0,18.0,2,0.339,17,41.0,1,1
Singapore2023,HUL,21.0,20.0,1,0.339,11,41.0,-3,0
Singapore2023,OCO,21.0,20.0,1,0.339,8,41.0,-1,0
Singapore2023,NOR,21.0,20.0,1,0.339,4,41.0,1,1
Singapore2023,LAW,21.0,20.0,1,0.339,13,41.0,0,1
Singapore2023,HAM,21.0,20.0,1,0.339,5,41.0,0,1
Singapore2023,HAM,45.0,24.0,2,0.726,5,17.0,0,1
Singapore2023,SAI,21.0,20.0,1,0.339,1,41.0,0,1
Singapore2023,RUS,21.0,20.0,1,0.339,3,41.0,1,1
Singapore2023,RUS,45.0,24.0,2,0.726,4,17.0,0,1
Singapore2023,BOT,41.0,40.0,2,0.661,16,21.0,1,1
Singapore2023,PIA,21.0,20.0,1,0.339,14,41.0,2,1
Bahrain2024,VER,18.0,20.0,0,0.316,1,39.0,0,1
Bahrain2024,VER,38.0,20.0,2,0.667,1,19.0,0,1
Bahrain2024,PER,13.0,15.0,0,0.228,3,44.0,1,1
Bahrain2024,PER,37.0,24.0,2,0.649,2,20.0,0,1
Bahrain2024,SAI,15.0,17.0,0,0.263,2,42.0,-1,0
Bahrain2024,SAI,36.0,21.0,2,0.632,3,21.0,0,1
Bahrain2024,LEC,12.0,14.0,0,0.211,6,45.0,1,1
Bahrain2024,LEC,35.0,23.0,2,0.614,4,22.0,-1,0
Bahrain2024,RUS,12.0,14.0,0,0.211,4,45.0,1,1
Bahrain2024,RUS,32.0,20.0,2,0.561,5,25.0,1,1
Bahrain2024,NOR,14.0,16.0,0,0.246,3,43.0,-3,0
Bahrain2024,NOR,34.0,20.0,2,0.596,5,23.0,-1,0
Bahrain2024,HAM,13.0,15.0,0,0.228,7,44.0,-1,0
Bahrain2024,HAM,34.0,21.0,2,0.596,7,23.0,0,1
Bahrain2024,PIA,13.0,15.0,0,0.228,5,44.0,-2,0
Bahrain2024,PIA,35.0,22.0,2,0.614,5,22.0,-3,0
Bahrain2024,ALO,16.0,18.0,0,0.281,2,41.0,-7,0
Bahrain2024,ALO,42.0,26.0,2,0.737,9,15.0,-1,0
Bahrain2024,STR,10.0,9.0,0,0.175,19,47.0,7,1
Bahrain2024,STR,28.0,18.0,2,0.491,13,29.0,0,1
Bahrain2024,ZHO,10.0,9.0,0,0.175,16,47.0,5,1
Bahrain2024,ZHO,29.0,19.0,2,0.509,11,28.0,-3,0
Bahrain2024,MAG,12.0,11.0,0,0.211,12,45.0,-1,0
Bahrain2024,MAG,33.0,21.0,2,0.579,13,24.0,1,1
Bahrain2024,RIC,14.0,16.0,0,0.246,10,43.0,-6,0
Bahrain2024,RIC,36.0,22.0,2,0.632,11,21.0,-3,0
Bahrain2024,TSU,15.0,14.0,0,0.263,4,42.0,-7,0
Bahrain2024,TSU,35.0,20.0,2,0.614,10,22.0,-3,0
Bahrain2024,ALB,16.0,15.0,0,0.281,5,41.0,-9,0
Bahrain2024,ALB,37.0,21.0,2,0.649,10,20.0,-5,0
Bahrain2024,HUL,21.0,19.0,2,0.368,19,36.0,0,1
Bahrain2024,HUL,42.0,21.0,2,0.737,15,15.0,-2,0
Bahrain2024,OCO,11.0,10.0,0,0.193,16,46.0,2,1
Bahrain2024,OCO,31.0,20.0,2,0.544,14,26.0,-3,0
Bahrain2024,GAS,13.0,12.0,0,0.228,12,44.0,-7,0
Bahrain2024,GAS,32.0,19.0,2,0.561,16,25.0,-2,0
Bahrain2024,GAS,44.0,12.0,2,0.772,17,13.0,-1,0
Bahrain2024,BOT,13.0,12.0,0,0.228,14,44.0,-4,0
Bahrain2024,BOT,31.0,18.0,2,0.544,16,26.0,-3,0
Bahrain2024,SAR,11.0,10.0,0,0.193,20,46.0,0,1
Bahrain2024,SAR,29.0,18.0,2,0.509,20,28.0,0,1
Bahrain2024,SAR,41.0,12.0,2,0.719,20,16.0,0,1
Saudi Arabia2024,VER,8.0,7.0,1,0.16,1,42.0,0,1
Saudi Arabia2024,PER,8.0,7.0,1,0.16,2,42.0,-1,0
Saudi Arabia2024,ALO,8.0,8.0,1,0.16,5,42.0,-2,0
Saudi Arabia2024,LEC,8.0,7.0,1,0.16,3,42.0,-2,0
Saudi Arabia2024,SAR,8.0,7.0,1,0.16,17,42.0,0,1
Saudi Arabia2024,MAG,8.0,7.0,1,0.16,11,42.0,-2,0
Saudi Arabia2024,TSU,8.0,7.0,1,0.16,9,42.0,-3,0
Saudi Arabia2024,ALB,8.0,7.0,1,0.16,12,42.0,-3,0
Saudi Arabia2024,ZHO,42.0,41.0,1,0.84,10,8.0,-8,0
Saudi Arabia2024,HUL,34.0,33.0,1,0.68,10,16.0,-1,0
Saudi Arabia2024,RIC,8.0,7.0,1,0.16,14,42.0,-4,0
Saudi Arabia2024,OCO,8.0,7.0,1,0.16,15,42.0,1,1
Saudi Arabia2024,BEA,8.0,7.0,0,0.16,10,42.0,-1,0
Saudi Arabia2024,NOR,38.0,37.0,1,0.76,4,12.0,-4,0
Saudi Arabia2024,HAM,37.0,36.0,1,0.74,6,13.0,-3,0
Saudi Arabia2024,RUS,8.0,7.0,1,0.16,7,42.0,-2,0
Saudi Arabia2024,BOT,8.0,7.0,0,0.16,16,42.0,0,1
Saudi Arabia2024,BOT,36.0,28.0,2,0.72,18,14.0,0,1
Saudi Arabia2024,PIA,8.0,7.0,1,0.16,4,42.0,-2,0
Australia2024,GAS,18.0,17.0,1,0.31,14,40.0,-1,0
Australia2024,GAS,42.0,24.0,2,0.724,15,16.0,1,1
Australia2024,PER,15.0,14.0,1,0.259,6,43.0,-1,0
Australia2024,PER,36.0,21.0,2,0.621,7,22.0,1,1
Australia2024,ALO,18.0,18.0,2,0.31,5,40.0,0,1
Australia2024,ALO,42.0,25.0,1,0.724,7,16.0,1,1
Australia2024,LEC,10.0,9.0,1,0.172,5,48.0,2,1
Australia2024,LEC,35.0,25.0,2,0.603,4,23.0,1,1
Australia2024,STR,9.0,9.0,1,0.155,12,49.0,2,1
Australia2024,STR,38.0,30.0,2,0.655,8,20.0,0,1
Australia2024,MAG,8.0,7.0,1,0.138,15,50.0,0,1
Australia2024,MAG,34.0,26.0,2,0.586,13,24.0,0,1
Australia2024,TSU,10.0,9.0,1,0.172,9,48.0,-3,0
Australia2024,TSU,37.0,27.0,2,0.638,9,21.0,0,1
Australia2024,ALB,7.0,6.0,1,0.121,16,51.0,3,1
Australia2024,ALB,28.0,21.0,2,0.483,15,30.0,1,1
Australia2024,ZHO,7.0,6.0,0,0.121,17,51.0,0,1
Australia2024,ZHO,36.0,30.0,2,0.621,17,22.0,0,1
Australia2024,HUL,18.0,17.0,2,0.31,11,40.0,0,1
Australia2024,HUL,36.0,18.0,1,0.621,11,22.0,1,1
Australia2024,RIC,6.0,5.0,0,0.103,18,52.0,2,1
Australia2024,RIC,30.0,24.0,2,0.517,15,28.0,-1,0
Australia2024,OCO,10.0,9.0,1,0.172,13,48.0,-1,0
Australia2024,OCO,17.0,7.0,2,0.293,16,41.0,-1,0
Australia2024,OCO,43.0,26.0,2,0.741,16,15.0,-1,0
Australia2024,NOR,15.0,14.0,1,0.259,3,43.0,-1,0
Australia2024,NOR,41.0,27.0,2,0.707,2,17.0,-1,0
Australia2024,HAM,8.0,7.0,0,0.138,14,50.0,3,1
Australia2024,SAI,17.0,16.0,1,0.293,1,41.0,0,1
Australia2024,SAI,42.0,25.0,2,0.724,1,16.0,0,1
Australia2024,RUS,9.0,8.0,1,0.155,11,49.0,2,1
Australia2024,RUS,46.0,37.0,2,0.793,6,12.0,-1,0
Australia2024,BOT,9.0,9.0,1,0.155,18,49.0,0,1
Australia2024,BOT,37.0,29.0,2,0.638,16,21.0,1,1
Australia2024,PIA,10.0,9.0,1,0.172,6,48.0,2,1
Australia2024,PIA,40.0,31.0,2,0.69,4,18.0,0,1
Spain2024,VER,18.0,20.0,0,0.273,1,48.0,-2,0
Spain2024,VER,45.0,27.0,1,0.682,1,21.0,0,1
Spain2024,NOR,24.0,23.0,0,0.364,1,42.0,-3,0
Spain2024,NOR,48.0,24.0,1,0.727,1,18.0,-1,0
Spain2024,HAM,17.0,19.0,0,0.258,4,49.0,-1,0
Spain2024,HAM,44.0,27.0,1,0.667,4,22.0,0,1
Spain2024,RUS,16.0,18.0,0,0.242,4,50.0,0,1
Spain2024,RUS,37.0,21.0,1,0.561,4,29.0,-2,0
Spain2024,LEC,25.0,24.0,0,0.379,2,41.0,-4,0
Spain2024,LEC,48.0,23.0,1,0.727,3,18.0,-3,0
Spain2024,SAI,16.0,15.0,0,0.242,6,50.0,-1,0
Spain2024,SAI,37.0,21.0,1,0.561,6,29.0,-1,0
Spain2024,PIA,22.0,24.0,0,0.333,5,44.0,-5,0
Spain2024,PIA,47.0,25.0,1,0.712,7,19.0,0,1
Spain2024,PER,14.0,16.0,0,0.212,10,52.0,-1,0
Spain2024,PER,32.0,21.0,0,0.485,10,34.0,-1,0
Spain2024,PER,50.0,18.0,1,0.758,8,16.0,-1,0
Spain2024,GAS,15.0,17.0,0,0.227,8,51.0,0,1
Spain2024,GAS,39.0,24.0,1,0.591,8,27.0,-1,0
Spain2024,OCO,14.0,16.0,0,0.212,9,52.0,0,1
Spain2024,OCO,38.0,24.0,1,0.576,10,28.0,-1,0
Spain2024,HUL,13.0,12.0,0,0.197,11,53.0,-1,0
Spain2024,HUL,39.0,26.0,1,0.591,10,27.0,-2,0
Spain2024,ALO,20.0,19.0,0,0.303,10,46.0,-5,0
Spain2024,ALO,46.0,27.0,1,0.697,11,20.0,-2,0
Spain2024,ZHO,10.0,9.0,0,0.152,18,56.0,1,1
Spain2024,ZHO,42.0,32.0,1,0.636,11,24.0,-1,0
Spain2024,STR,18.0,17.0,0,0.273,9,48.0,-5,0
Spain2024,STR,38.0,21.0,1,0.576,14,28.0,1,1
Spain2024,RIC,17.0,16.0,0,0.258,12,49.0,-5,0
Spain2024,RIC,43.0,26.0,1,0.652,13,23.0,-4,0
Spain2024,BOT,12.0,11.0,0,0.182,14,54.0,-1,0
Spain2024,BOT,29.0,20.0,0,0.439,16,37.0,-1,0
Spain2024,MAG,11.0,10.0,0,0.167,16,55.0,-2,0
Spain2024,MAG,30.0,19.0,1,0.455,16,36.0,-3,0
Spain2024,ALB,19.0,18.0,1,0.288,15,47.0,-4,0
Spain2024,ALB,44.0,25.0,0,0.667,15,22.0,-3,0
Spain2024,TSU,10.0,9.0,0,0.152,20,56.0,1,1
Spain2024,TSU,28.0,18.0,1,0.424,19,38.0,0,1
Spain2024,TSU,45.0,17.0,2,0.682,18,21.0,-2,0
Spain2024,SAR,15.0,14.0,0,0.227,15,51.0,-4,0
Spain2024,SAR,35.0,20.0,1,0.53,19,31.0,-1,0
Monaco2024,VER,53.0,51.0,1,0.679,6,25.0,0,1
Monaco2024,HAM,52.0,50.0,1,0.667,7,26.0,0,1
Monaco2024,BOT,16.0,14.0,1,0.205,16,62.0,0,1
Monaco2024,STR,43.0,42.0,1,0.551,11,35.0,-5,0
Monaco2024,STR,49.0,8.0,2,0.628,16,29.0,0,1
Monaco2024,SAR,58.0,57.0,2,0.744,16,20.0,0,1
Monaco2024,ZHO,71.0,69.0,2,0.91,16,7.0,0,1
Britain2024,HAM,28.0,27.0,1,0.538,2,24.0,0,1
Britain2024,HAM,39.0,11.0,3,0.75,2,13.0,1,1
Britain2024,VER,27.0,26.0,1,0.519,5,25.0,2,1
Britain2024,VER,39.0,12.0,3,0.75,3,13.0,0,1
Britain2024,NOR,28.0,27.0,1,0.538,1,24.0,0,1
Britain2024,NOR,40.0,12.0,3,0.769,1,12.0,-1,0
Britain2024,PIA,29.0,28.0,1,0.558,1,23.0,-4,0
Britain2024,PIA,39.0,10.0,3,0.75,4,13.0,0,1
Britain2024,SAI,27.0,26.0,1,0.519,6,25.0,1,1
Britain2024,SAI,40.0,13.0,3,0.769,2,12.0,-3,0
Britain2024,SAI,51.0,11.0,2,0.981,5,1.0,0,1
Britain2024,HUL,27.0,26.0,1,0.519,7,25.0,0,1
Britain2024,HUL,40.0,13.0,3,0.769,6,12.0,0,1
Britain2024,STR,27.0,26.0,1,0.519,8,25.0,0,1
Britain2024,STR,40.0,13.0,3,0.769,7,12.0,0,1
Britain2024,ALO,28.0,27.0,1,0.538,7,24.0,-2,0
Britain2024,ALO,39.0,11.0,3,0.75,8,13.0,0,1
Britain2024,ALB,28.0,27.0,1,0.538,9,24.0,-2,0
Britain2024,ALB,39.0,11.0,3,0.75,10,13.0,0,1
Britain2024,TSU,28.0,27.0,1,0.538,8,24.0,-2,0
Britain2024,TSU,39.0,11.0,3,0.75,9,13.0,0,1
Britain2024,SAR,28.0,27.0,1,0.538,11,24.0,-2,0
Britain2024,SAR,39.0,11.0,3,0.75,11,13.0,0,1
Britain2024,MAG,28.0,27.0,1,0.538,10,24.0,-2,0
Britain2024,MAG,38.0,10.0,3,0.731,11,14.0,0,1
Britain2024,RIC,27.0,26.0,1,0.519,14,25.0,0,1
Britain2024,RIC,38.0,11.0,3,0.731,12,14.0,-1,0
Britain2024,LEC,20.0,19.0,1,0.385,7,32.0,-9,0
Britain2024,LEC,28.0,8.0,3,0.538,16,24.0,0,1
Britain2024,LEC,38.0,10.0,3,0.731,15,14.0,0,1
Britain2024,BOT,27.0,26.0,1,0.519,15,25.0,0,1
Britain2024,BOT,38.0,11.0,3,0.731,14,14.0,0,1
Britain2024,OCO,20.0,19.0,0,0.385,18,32.0,0,1
Britain2024,OCO,22.0,2.0,3,0.423,18,30.0,0,1
Britain2024,OCO,27.0,5.0,1,0.519,18,25.0,0,1
Britain2024,OCO,39.0,12.0,3,0.75,16,13.0,-1,0
Britain2024,PER,20.0,19.0,2,0.385,15,32.0,-2,0
Britain2024,PER,29.0,9.0,3,0.558,16,23.0,0,1
Britain2024,PER,38.0,9.0,3,0.731,16,14.0,0,1
Britain2024,PER,48.0,10.0,1,0.923,16,4.0,-1,0
Britain2024,ZHO,13.0,12.0,0,0.25,19,39.0,0,1
Britain2024,ZHO,20.0,7.0,1,0.385,19,32.0,0,1
Britain2024,ZHO,27.0,7.0,3,0.519,19,25.0,0,1
Britain2024,ZHO,38.0,11.0,3,0.731,18,14.0,0,1
Britain2024,RUS,28.0,27.0,1,0.538,4,24.0,0,1
Hungary2024,PIA,19.0,18.0,1,0.271,1,51.0,0,1
Hungary2024,PIA,48.0,30.0,2,0.686,1,22.0,-1,0
Hungary2024,NOR,18.0,17.0,1,0.257,2,52.0,-1,0
Hungary2024,NOR,46.0,29.0,2,0.657,2,24.0,1,1
Hungary2024,HAM,17.0,16.0,1,0.243,5,53.0,1,1
Hungary2024,HAM,41.0,24.0,2,0.586,4,29.0,-1,0
Hungary2024,LEC,24.0,23.0,1,0.343,1,46.0,-4,0
Hungary2024,LEC,41.0,17.0,2,0.586,5,29.0,-1,0
Hungary2024,VER,22.0,21.0,1,0.314,1,48.0,-3,0
Hungary2024,VER,50.0,28.0,2,0.714,1,20.0,-4,0
Hungary2024,SAI,22.0,21.0,1,0.314,4,48.0,-2,0
Hungary2024,SAI,48.0,26.0,2,0.686,4,22.0,-2,0
Hungary2024,PER,29.0,28.0,2,0.414,9,41.0,0,1
Hungary2024,PER,48.0,19.0,1,0.686,8,22.0,0,1
Hungary2024,RUS,34.0,33.0,2,0.486,7,36.0,-1,0
Hungary2024,RUS,54.0,20.0,1,0.771,7,16.0,-1,0
Hungary2024,TSU,30.0,29.0,1,0.429,8,40.0,-2,0
Hungary2024,STR,15.0,17.0,0,0.214,8,55.0,-5,0
Hungary2024,STR,46.0,32.0,1,0.657,10,24.0,-2,0
Hungary2024,ALO,8.0,9.0,0,0.114,8,62.0,-6,0
Hungary2024,ALO,38.0,31.0,1,0.543,8,32.0,-3,0
Hungary2024,RIC,8.0,7.0,1,0.114,10,62.0,-7,0
Hungary2024,RIC,29.0,21.0,2,0.414,17,41.0,3,1
Hungary2024,HUL,3.0,2.0,1,0.043,17,67.0,3,1
Hungary2024,HUL,30.0,27.0,2,0.429,11,40.0,-3,0
Hungary2024,ALB,7.0,6.0,0,0.1,11,63.0,-4,0
Hungary2024,ALB,30.0,23.0,2,0.429,15,40.0,0,1
Hungary2024,MAG,7.0,6.0,0,0.1,13,63.0,-3,0
Hungary2024,MAG,35.0,28.0,2,0.5,13,35.0,-3,0
Hungary2024,BOT,17.0,17.0,1,0.243,10,53.0,-7,0
Hungary2024,BOT,46.0,29.0,2,0.657,15,24.0,-3,0
Hungary2024,SAR,9.0,8.0,1,0.129,12,61.0,-7,0
Hungary2024,SAR,34.0,25.0,2,0.486,14,36.0,-4,0
Hungary2024,SAR,64.0,30.0,2,0.914,18,6.0,1,1
Hungary2024,OCO,7.0,6.0,1,0.1,18,63.0,0,1
Hungary2024,OCO,31.0,24.0,2,0.443,15,39.0,-3,0
Hungary2024,OCO,65.0,34.0,2,0.929,17,5.0,-1,0
Hungary2024,ZHO,8.0,8.0,1,0.114,16,62.0,-4,0
Hungary2024,ZHO,37.0,29.0,2,0.529,16,33.0,-3,0
Hungary2024,GAS,29.0,28.0,2,0.414,12,41.0,-3,0
Italy2024,LEC,16.0,15.0,1,0.302,3,37.0,-2,0
Italy2024,PIA,17.0,16.0,1,0.321,1,36.0,-2,0
Italy2024,PIA,39.0,22.0,2,0.736,1,14.0,-2,0
Italy2024,NOR,15.0,14.0,1,0.283,4,38.0,0,1
Italy2024,NOR,33.0,18.0,2,0.623,3,20.0,-2,0
Italy2024,SAI,20.0,19.0,1,0.377,2,33.0,-2,0
Italy2024,HAM,16.0,15.0,1,0.302,6,37.0,-1,0
Italy2024,HAM,38.0,22.0,2,0.717,4,15.0,-1,0
Italy2024,VER,23.0,22.0,2,0.434,2,30.0,-4,0
Italy2024,VER,42.0,19.0,2,0.792,5,11.0,-1,0
Italy2024,RUS,12.0,11.0,1,0.226,8,41.0,-4,0
Italy2024,RUS,34.0,22.0,2,0.642,8,19.0,0,1
Italy2024,PER,24.0,23.0,2,0.453,4,29.0,-3,0
Italy2024,PER,36.0,12.0,2,0.679,7,17.0,-2,0
Italy2024,ALB,18.0,17.0,1,0.34,7,35.0,-5,0
Italy2024,MAG,15.0,14.0,1,0.283,11,38.0,-3,0
Italy2024,ALO,13.0,13.0,1,0.245,11,40.0,-1,0
Italy2024,ALO,36.0,24.0,2,0.679,9,17.0,-4,0
Italy2024,COL,17.0,16.0,1,0.321,12,36.0,-4,0
Italy2024,RIC,12.0,11.0,1,0.226,14,41.0,-2,0
Italy2024,OCO,32.0,31.0,2,0.604,12,21.0,-2,0
Italy2024,GAS,11.0,10.0,1,0.208,17,42.0,2,1
Italy2024,GAS,31.0,20.0,2,0.585,17,22.0,0,1
Italy2024,BOT,34.0,34.0,2,0.642,15,19.0,-3,0
Italy2024,HUL,6.0,5.0,1,0.113,18,47.0,-1,0
Italy2024,HUL,33.0,27.0,2,0.623,17,20.0,-2,0
Italy2024,ZHO,16.0,16.0,1,0.302,13,37.0,-6,0
Italy2024,STR,20.0,20.0,2,0.377,10,33.0,-7,0
Italy2024,STR,37.0,19.0,2,0.698,13,16.0,-2,0
Italy2024,STR,51.0,15.0,1,0.962,15,2.0,-4,0
Singapore2024,NOR,31.0,30.0,1,0.5,1,31.0,0,1
Singapore2024,VER,30.0,29.0,1,0.484,2,32.0,-1,0
Singapore2024,PIA,39.0,38.0,1,0.629,2,23.0,-2,0
Singapore2024,RUS,28.0,27.0,1,0.452,4,34.0,-1,0
Singapore2024,LEC,37.0,36.0,1,0.597,6,25.0,0,1
Singapore2024,HAM,18.0,19.0,0,0.29,5,44.0,-6,0
Singapore2024,SAI,14.0,13.0,1,0.226,14,48.0,-2,0
Singapore2024,ALO,26.0,26.0,1,0.419,9,36.0,0,1
Singapore2024,HUL,30.0,29.0,1,0.484,6,32.0,-3,0
Singapore2024,PER,29.0,28.0,1,0.468,10,33.0,0,1
Singapore2024,COL,30.0,29.0,1,0.484,8,32.0,-3,0
Singapore2024,TSU,34.0,33.0,1,0.548,9,28.0,-4,0
Singapore2024,OCO,30.0,29.0,1,0.484,13,32.0,-2,0
Singapore2024,STR,27.0,27.0,2,0.435,19,35.0,0,1
Singapore2024,ZHO,35.0,34.0,2,0.565,17,27.0,0,1
Singapore2024,BOT,34.0,33.0,2,0.548,18,28.0,0,1
Singapore2024,GAS,38.0,37.0,1,0.613,17,24.0,-2,0
Singapore2024,RIC,11.0,10.0,0,0.177,19,51.0,0,1
Singapore2024,RIC,47.0,36.0,1,0.758,16,15.0,-2,0
Singapore2024,RIC,59.0,12.0,0,0.952,18,3.0,0,1
Singapore2024,MAG,29.0,28.0,2,0.468,16,33.0,0,1
Singapore2024,MAG,50.0,21.0,1,0.806,19,12.0,0,1
Singapore2024,ALB,12.0,11.0,1,0.194,17,50.0,-3,0
Australia2026,NOR,12.0,11.0,1,0.207,9,46.0,0,1
Australia2026,NOR,35.0,23.0,2,0.603,6,23.0,0,1
Australia2026,GAS,12.0,11.0,1,0.207,12,46.0,1,1
Australia2026,PER,19.0,18.0,1,0.328,16,39.0,0,1
Australia2026,PER,44.0,25.0,2,0.759,16,14.0,0,1
Australia2026,ANT,13.0,12.0,1,0.224,5,45.0,1,1
Australia2026,ALO,12.0,11.0,0,0.207,17,46.0,-1,0
Australia2026,LEC,26.0,25.0,1,0.448,4,32.0,1,1
Australia2026,STR,12.0,11.0,1,0.207,19,46.0,2,1
Australia2026,STR,27.0,15.0,2,0.466,17,31.0,0,1
Australia2026,STR,35.0,8.0,0,0.603,17,23.0,0,1
Australia2026,STR,40.0,5.0,0,0.69,17,18.0,0,1
Australia2026,ALB,13.0,12.0,1,0.224,12,45.0,-1,0
Australia2026,ALB,34.0,21.0,2,0.586,12,24.0,0,1
Australia2026,VER,19.0,18.0,2,0.328,7,39.0,1,1
Australia2026,VER,42.0,23.0,1,0.724,5,16.0,-1,0
Australia2026,LAW,12.0,11.0,1,0.207,16,46.0,2,1
Australia2026,LAW,34.0,22.0,2,0.586,13,24.0,0,1
Australia2026,OCO,12.0,11.0,1,0.207,11,46.0,1,1
Australia2026,LIN,19.0,18.0,1,0.328,6,39.0,-1,0
Australia2026,COL,47.0,46.0,2,0.81,14,11.0,0,1
Australia2026,HAM,29.0,28.0,1,0.5,4,29.0,0,1
Australia2026,BOR,19.0,18.0,1,0.328,9,39.0,0,1
Australia2026,BOR,34.0,15.0,2,0.586,11,24.0,1,1
Australia2026,SAI,12.0,11.0,0,0.207,13,46.0,1,1
Australia2026,SAI,34.0,22.0,2,0.586,14,24.0,-1,0
Australia2026,SAI,46.0,12.0,1,0.793,15,12.0,0,1
Australia2026,RUS,13.0,12.0,1,0.224,3,45.0,0,1
Australia2026,BEA,19.0,18.0,1,0.328,8,39.0,0,1
China2026,GAS,11.0,10.0,1,0.196,5,45.0,-4,0
China2026,PER,12.0,11.0,1,0.214,12,44.0,-5,0
China2026,ANT,11.0,10.0,1,0.196,1,45.0,0,1
China2026,LEC,11.0,10.0,1,0.196,4,45.0,1,1
China2026,HUL,36.0,35.0,2,0.643,10,20.0,-4,0
China2026,VER,10.0,12.0,0,0.179,12,46.0,1,1
China2026,LAW,10.0,9.0,1,0.179,11,46.0,-1,0
China2026,OCO,30.0,29.0,2,0.536,12,26.0,-3,0
China2026,OCO,47.0,17.0,1,0.839,13,9.0,-1,0
China2026,LIN,43.0,42.0,2,0.768,12,13.0,0,1
China2026,COL,33.0,32.0,2,0.589,11,23.0,-1,0
China2026,HAM,11.0,10.0,1,0.196,3,45.0,1,1
China2026,SAI,10.0,9.0,1,0.179,13,46.0,0,1
China2026,HAD,2.0,4.0,0,0.036,18,54.0,0,1
China2026,HAD,11.0,9.0,2,0.196,17,45.0,3,1
China2026,RUS,11.0,10.0,1,0.196,2,45.0,-2,0
China2026,BOT,11.0,10.0,1,0.196,12,45.0,-3,0
China2026,BEA,11.0,10.0,1,0.196,10,45.0,3,1
Japan2026,NOR,17.0,16.0,1,0.321,6,36.0,-2,0
Japan2026,GAS,23.0,22.0,1,0.434,4,30.0,-3,0
Japan2026,PER,22.0,21.0,1,0.415,18,31.0,0,1
Japan2026,ANT,23.0,22.0,1,0.434,1,30.0,0,1
Japan2026,ALO,22.0,21.0,1,0.415,20,31.0,0,1
Japan2026,ALO,24.0,2.0,2,0.453,20,29.0,0,1
Japan2026,LEC,18.0,17.0,1,0.34,5,35.0,0,1
Japan2026,STR,22.0,21.0,1,0.415,19,31.0,0,1
Japan2026,STR,25.0,3.0,2,0.472,19,28.0,-1,0
Japan2026,ALB,23.0,22.0,1,0.434,13,30.0,-4,0
Japan2026,ALB,46.0,23.0,2,0.868,17,7.0,-3,0
Japan2026,ALB,50.0,4.0,0,0.943,20,3.0,0,1
Japan2026,HUL,24.0,23.0,1,0.453,9,29.0,-4,0
Japan2026,VER,23.0,22.0,1,0.434,6,30.0,-2,0
Japan2026,LAW,23.0,22.0,1,0.434,10,30.0,1,1
Japan2026,OCO,20.0,19.0,1,0.377,9,33.0,-2,0
Japan2026,LIN,19.0,18.0,1,0.358,12,34.0,-2,0
Japan2026,COL,18.0,17.0,1,0.34,14,35.0,-2,0
Japan2026,HAM,23.0,22.0,1,0.434,2,30.0,-1,0
Japan2026,BOR,23.0,22.0,1,0.434,11,30.0,1,1
Japan2026,SAI,23.0,22.0,1,0.434,12,30.0,-3,0
Japan2026,HAD,20.0,19.0,1,0.377,10,33.0,-3,0
Japan2026,RUS,22.0,21.0,1,0.415,2,31.0,-1,0
Japan2026,BOT,20.0,19.0,2,0.377,22,33.0,1,1
Japan2026,PIA,19.0,18.0,1,0.358,2,34.0,0,1
Japan2026,BEA,17.0,16.0,1,0.321,16,36.0,-2,0
